tx_hash,tx_count
tx_1,4
tx_10,8
tx_100,10
tx_1000,8
tx_101,2
tx_102,9
tx_103,7
tx_104,6
tx_105,5
tx_106,8
tx_107,2
tx_108,13
tx_109,6
tx_11,8
tx_110,11
tx_111,10
tx_112,5
tx_113,8
tx_114,9
tx_115,5
tx_116,4
tx_117,2
tx_118,9
tx_119,4
tx_12,6
tx_120,5
tx_121,10
tx_122,7
tx_123,5
tx_124,8
tx_125,7
tx_126,7
tx_127,3
tx_128,8
tx_129,8
tx_13,9
tx_130,7
tx_131,4
tx_132,6
tx_133,9
tx_134,10
tx_135,9
tx_136,2
tx_137,7
tx_138,9
tx_139,9
tx_14,5
tx_140,8
tx_141,5
tx_142,9
tx_143,7
tx_144,5
tx_145,3
tx_146,3
tx_147,8
tx_148,3
tx_149,4
tx_15,6
tx_150,4
tx_151,8
tx_152,6
tx_153,5
tx_154,11
tx_155,8
tx_156,10
tx_157,3
tx_158,8
tx_159,4
tx_16,6
tx_160,7
tx_161,6
tx_162,3
tx_163,5
tx_164,6
tx_165,6
tx_166,6
tx_167,6
tx_168,5
tx_169,3
tx_17,3
tx_170,7
tx_171,7
tx_172,8
tx_173,8
tx_174,4
tx_175,5
tx_176,5
tx_177,8
tx_178,10
tx_179,10
tx_18,9
tx_180,3
tx_181,3
tx_182,7
tx_183,7
tx_184,5
tx_185,13
tx_186,3
tx_187,7
tx_188,9
tx_189,6
tx_19,10
tx_190,5
tx_191,12
tx_192,6
tx_193,7
tx_194,9
tx_195,13
tx_196,5
tx_197,3
tx_198,8
tx_199,5
tx_2,5
tx_20,10
tx_200,7
tx_201,6
tx_202,5
tx_203,3
tx_204,9
tx_205,6
tx_206,6
tx_207,3
tx_208,6
tx_209,4
tx_21,6
tx_210,4
tx_211,3
tx_212,5
tx_213,4
tx_214,4
tx_215,6
tx_216,3
tx_217,5
tx_218,3
tx_219,2
tx_22,5
tx_220,7
tx_221,9
tx_222,8
tx_223,6
tx_224,8
tx_225,11
tx_226,9
tx_227,7
tx_228,3
tx_229,7
tx_23,5
tx_230,9
tx_231,5
tx_232,7
tx_233,5
tx_234,7
tx_235,4
tx_236,2
tx_237,7
tx_238,9
tx_239,7
tx_24,17
tx_240,9
tx_241,6
tx_242,5
tx_243,4
tx_244,4
tx_245,10
tx_246,1
tx_247,7
tx_248,5
tx_249,4
tx_25,6
tx_250,3
tx_251,7
tx_252,3
tx_253,11
tx_254,10
tx_255,4
tx_256,10
tx_257,5
tx_258,9
tx_259,4
tx_26,8
tx_260,6
tx_261,4
tx_262,14
tx_263,8
tx_264,5
tx_265,7
tx_266,4
tx_267,8
tx_268,4
tx_269,9
tx_27,8
tx_270,6
tx_271,5
tx_272,6
tx_273,4
tx_274,5
tx_275,6
tx_276,9
tx_277,3
tx_278,2
tx_279,5
tx_28,4
tx_280,12
tx_281,7
tx_282,12
tx_283,7
tx_284,6
tx_285,4
tx_286,6
tx_287,7
tx_288,7
tx_289,8
tx_29,9
tx_290,5
tx_291,4
tx_292,7
tx_293,6
tx_294,8
tx_295,6
tx_296,7
tx_297,7
tx_298,3
tx_299,7
tx_3,7
tx_30,10
tx_300,5
tx_301,9
tx_302,8
tx_303,7
tx_304,2
tx_305,4
tx_306,6
tx_307,7
tx_308,9
tx_309,7
tx_31,7
tx_310,7
tx_311,7
tx_312,10
tx_313,11
tx_314,7
tx_315,7
tx_316,8
tx_317,8
tx_318,7
tx_319,9
tx_32,10
tx_320,7
tx_321,10
tx_322,5
tx_323,7
tx_324,5
tx_325,6
tx_326,5
tx_327,9
tx_328,9
tx_329,6
tx_33,6
tx_330,3
tx_331,6
tx_332,3
tx_333,4
tx_334,6
tx_335,3
tx_336,7
tx_337,9
tx_338,9
tx_339,8
tx_34,12
tx_340,7
tx_341,7
tx_342,2
tx_343,9
tx_344,7
tx_345,6
tx_346,8
tx_347,4
tx_348,2
tx_349,9
tx_35,9
tx_350,4
tx_351,2
tx_352,11
tx_353,8
tx_354,7
tx_355,7
tx_356,11
tx_357,10
tx_358,9
tx_359,6
tx_36,8
tx_360,10
tx_361,7
tx_362,6
tx_363,8
tx_364,12
tx_365,8
tx_366,3
tx_367,13
tx_368,6
tx_369,4
tx_37,7
tx_370,3
tx_371,10
tx_372,3
tx_373,11
tx_374,4
tx_375,8
tx_376,6
tx_377,6
tx_378,9
tx_379,4
tx_38,3
tx_380,5
tx_381,4
tx_382,8
tx_383,8
tx_384,10
tx_385,6
tx_386,3
tx_387,10
tx_388,5
tx_389,13
tx_39,9
tx_390,8
tx_391,7
tx_392,5
tx_393,3
tx_394,11
tx_395,9
tx_396,5
tx_397,8
tx_398,14
tx_399,9
tx_4,7
tx_40,4
tx_400,8
tx_401,4
tx_402,8
tx_403,8
tx_404,5
tx_405,3
tx_406,5
tx_407,3
tx_408,6
tx_409,8
tx_41,5
tx_410,5
tx_411,12
tx_412,2
tx_413,4
tx_414,3
tx_415,7
tx_416,8
tx_417,11
tx_418,11
tx_419,6
tx_42,7
tx_420,9
tx_421,7
tx_422,8
tx_423,12
tx_424,9
tx_425,6
tx_426,5
tx_427,4
tx_428,6
tx_429,2
tx_43,2
tx_430,10
tx_431,4
tx_432,5
tx_433,11
tx_434,3
tx_435,7
tx_436,5
tx_437,9
tx_438,8
tx_439,6
tx_44,5
tx_440,9
tx_441,5
tx_442,4
tx_443,5
tx_444,9
tx_445,3
tx_446,7
tx_447,5
tx_448,6
tx_449,13
tx_45,5
tx_450,5
tx_451,4
tx_452,9
tx_453,10
tx_454,9
tx_455,2
tx_456,5
tx_457,6
tx_458,1
tx_459,3
tx_46,8
tx_460,6
tx_461,6
tx_462,2
tx_463,8
tx_464,7
tx_465,7
tx_466,9
tx_467,7
tx_468,6
tx_469,3
tx_47,6
tx_470,7
tx_471,10
tx_472,6
tx_473,7
tx_474,7
tx_475,9
tx_476,8
tx_477,3
tx_478,4
tx_479,8
tx_48,8
tx_480,5
tx_481,11
tx_482,7
tx_483,4
tx_484,6
tx_485,5
tx_486,9
tx_487,3
tx_488,7
tx_489,8
tx_49,9
tx_490,11
tx_491,7
tx_492,9
tx_493,10
tx_494,6
tx_495,5
tx_496,9
tx_497,7
tx_498,6
tx_499,6
tx_5,6
tx_50,6
tx_500,2
tx_501,9
tx_502,2
tx_503,4
tx_504,6
tx_505,7
tx_506,6
tx_507,2
tx_508,8
tx_509,5
tx_51,10
tx_510,8
tx_511,5
tx_512,3
tx_513,7
tx_514,13
tx_515,7
tx_516,4
tx_517,6
tx_518,5
tx_519,7
tx_52,5
tx_520,13
tx_521,11
tx_523,3
tx_524,9
tx_525,7
tx_526,4
tx_527,6
tx_528,8
tx_529,5
tx_53,3
tx_530,9
tx_531,2
tx_532,9
tx_533,7
tx_534,5
tx_535,2
tx_536,5
tx_537,7
tx_538,10
tx_539,9
tx_54,7
tx_540,5
tx_541,4
tx_542,8
tx_543,5
tx_544,8
tx_545,2
tx_546,12
tx_547,7
tx_548,7
tx_549,9
tx_55,8
tx_550,6
tx_551,9
tx_552,6
tx_553,6
tx_554,6
tx_555,6
tx_556,4
tx_557,6
tx_558,4
tx_559,9
tx_56,12
tx_560,11
tx_561,3
tx_562,6
tx_563,7
tx_564,6
tx_565,12
tx_566,5
tx_567,9
tx_568,2
tx_569,3
tx_57,4
tx_570,10
tx_571,5
tx_572,9
tx_573,5
tx_574,15
tx_575,5
tx_576,8
tx_577,4
tx_578,4
tx_579,6
tx_58,6
tx_580,11
tx_581,2
tx_582,6
tx_583,5
tx_584,11
tx_585,9
tx_586,10
tx_587,6
tx_588,7
tx_589,9
tx_59,11
tx_590,8
tx_591,8
tx_592,6
tx_593,7
tx_594,3
tx_595,5
tx_596,4
tx_597,2
tx_598,7
tx_599,7
tx_6,8
tx_60,9
tx_600,14
tx_601,2
tx_602,9
tx_603,4
tx_604,13
tx_605,8
tx_606,10
tx_607,7
tx_608,5
tx_609,6
tx_61,7
tx_610,4
tx_611,7
tx_612,7
tx_613,5
tx_614,9
tx_615,7
tx_616,6
tx_617,5
tx_618,10
tx_619,7
tx_62,10
tx_620,7
tx_621,4
tx_622,5
tx_623,7
tx_624,4
tx_625,6
tx_626,10
tx_627,5
tx_628,3
tx_629,3
tx_63,6
tx_630,9
tx_631,8
tx_632,7
tx_633,11
tx_634,8
tx_635,7
tx_636,9
tx_637,8
tx_638,11
tx_639,9
tx_64,7
tx_640,7
tx_641,7
tx_642,7
tx_643,6
tx_644,4
tx_645,6
tx_646,7
tx_647,11
tx_648,2
tx_649,10
tx_65,6
tx_650,7
tx_651,7
tx_652,4
tx_653,9
tx_654,6
tx_655,5
tx_656,6
tx_657,6
tx_658,2
tx_659,4
tx_66,3
tx_660,6
tx_661,11
tx_662,7
tx_663,5
tx_664,5
tx_665,5
tx_666,9
tx_667,6
tx_668,5
tx_669,5
tx_67,2
tx_670,9
tx_671,2
tx_672,6
tx_673,10
tx_674,5
tx_675,6
tx_676,6
tx_677,11
tx_678,9
tx_679,7
tx_68,11
tx_680,8
tx_681,4
tx_682,6
tx_683,4
tx_684,8
tx_685,12
tx_686,9
tx_687,9
tx_688,5
tx_689,5
tx_69,5
tx_690,6
tx_691,8
tx_692,3
tx_693,3
tx_694,10
tx_695,11
tx_696,8
tx_697,2
tx_698,4
tx_699,7
tx_7,8
tx_70,10
tx_700,8
tx_701,11
tx_702,7
tx_703,6
tx_704,6
tx_705,2
tx_706,7
tx_707,9
tx_708,6
tx_709,7
tx_71,3
tx_710,11
tx_711,1
tx_712,10
tx_713,8
tx_714,6
tx_715,4
tx_716,4
tx_717,7
tx_718,3
tx_719,9
tx_72,6
tx_720,4
tx_721,11
tx_722,9
tx_723,6
tx_724,4
tx_725,5
tx_726,7
tx_727,5
tx_728,3
tx_729,6
tx_73,8
tx_730,7
tx_731,6
tx_732,3
tx_733,6
tx_734,7
tx_735,8
tx_736,6
tx_737,6
tx_738,8
tx_739,4
tx_74,11
tx_740,6
tx_741,10
tx_742,7
tx_743,7
tx_744,10
tx_745,7
tx_746,6
tx_747,6
tx_748,3
tx_749,7
tx_75,4
tx_750,8
tx_751,7
tx_752,6
tx_753,7
tx_754,5
tx_755,3
tx_756,9
tx_757,6
tx_758,8
tx_759,4
tx_76,11
tx_760,8
tx_761,6
tx_762,4
tx_763,4
tx_764,3
tx_765,8
tx_766,10
tx_767,10
tx_768,12
tx_769,3
tx_77,9
tx_770,10
tx_771,15
tx_772,5
tx_773,9
tx_774,9
tx_775,8
tx_776,8
tx_777,8
tx_778,5
tx_779,6
tx_78,4
tx_780,5
tx_781,5
tx_782,10
tx_783,10
tx_784,11
tx_785,8
tx_786,5
tx_787,7
tx_788,3
tx_789,9
tx_79,12
tx_790,4
tx_791,8
tx_792,7
tx_793,6
tx_794,11
tx_795,6
tx_796,5
tx_797,3
tx_798,4
tx_799,11
tx_8,6
tx_80,11
tx_800,6
tx_801,4
tx_802,3
tx_803,9
tx_804,4
tx_805,7
tx_806,9
tx_807,5
tx_808,6
tx_809,1
tx_81,14
tx_810,5
tx_811,8
tx_812,6
tx_813,12
tx_814,6
tx_815,5
tx_816,3
tx_817,11
tx_818,5
tx_819,6
tx_82,9
tx_820,5
tx_821,4
tx_822,4
tx_823,9
tx_824,3
tx_825,7
tx_826,6
tx_827,11
tx_828,9
tx_829,3
tx_83,4
tx_830,4
tx_831,10
tx_832,7
tx_833,4
tx_834,4
tx_835,5
tx_836,9
tx_837,10
tx_838,8
tx_839,7
tx_84,5
tx_840,8
tx_841,6
tx_842,5
tx_843,7
tx_844,11
tx_845,8
tx_846,5
tx_847,5
tx_848,7
tx_849,4
tx_85,9
tx_850,7
tx_851,10
tx_852,7
tx_853,6
tx_854,4
tx_855,7
tx_856,5
tx_857,6
tx_858,7
tx_859,4
tx_86,7
tx_860,3
tx_861,12
tx_862,7
tx_863,9
tx_864,6
tx_865,4
tx_866,7
tx_867,10
tx_868,8
tx_869,3
tx_87,4
tx_870,2
tx_871,8
tx_872,12
tx_873,8
tx_874,3
tx_875,3
tx_876,5
tx_877,6
tx_878,11
tx_879,11
tx_88,4
tx_880,8
tx_881,6
tx_882,8
tx_883,9
tx_884,5
tx_885,11
tx_886,3
tx_887,6
tx_888,8
tx_889,6
tx_89,4
tx_890,3
tx_891,8
tx_892,9
tx_893,6
tx_894,5
tx_895,6
tx_896,12
tx_897,6
tx_898,9
tx_899,9
tx_9,8
tx_90,7
tx_900,6
tx_901,6
tx_902,10
tx_903,6
tx_904,11
tx_905,3
tx_906,2
tx_907,9
tx_908,8
tx_909,6
tx_91,9
tx_910,5
tx_911,2
tx_912,7
tx_913,3
tx_914,8
tx_915,5
tx_916,6
tx_917,14
tx_918,6
tx_919,10
tx_92,8
tx_920,7
tx_921,8
tx_922,4
tx_923,4
tx_924,5
tx_925,7
tx_926,7
tx_927,5
tx_928,7
tx_929,6
tx_93,7
tx_930,10
tx_931,7
tx_932,8
tx_933,7
tx_934,4
tx_935,5
tx_936,7
tx_937,8
tx_938,10
tx_939,5
tx_94,9
tx_940,5
tx_941,4
tx_942,4
tx_943,7
tx_944,8
tx_945,6
tx_946,4
tx_947,4
tx_948,9
tx_949,5
tx_95,6
tx_950,9
tx_951,8
tx_952,7
tx_953,3
tx_954,7
tx_955,7
tx_956,8
tx_957,9
tx_958,4
tx_959,5
tx_96,8
tx_960,11
tx_961,8
tx_962,1
tx_963,5
tx_964,5
tx_965,6
tx_966,3
tx_967,9
tx_968,8
tx_969,8
tx_97,11
tx_970,4
tx_971,5
tx_972,5
tx_973,7
tx_974,5
tx_975,10
tx_976,5
tx_977,5
tx_978,6
tx_979,5
tx_98,7
tx_980,3
tx_981,5
tx_982,4
tx_983,9
tx_984,2
tx_985,6
tx_986,5
tx_987,9
tx_988,9
tx_989,6
tx_99,14
tx_990,6
tx_991,7
tx_992,2
tx_993,4
tx_994,8
tx_995,6
tx_996,9
tx_997,10
tx_998,8
tx_999,5
